{"cameraMode":{"drawMode":0,"name":"Shaded","section":"Shading Mode"},"sceneLighting":true,"audioPlay":false,"sceneViewState":{"m_AlwaysRefresh":false,"showFog":true,"showSkybox":true,"showFlares":true,"showImageEffects":true,"showParticleSystems":true,"showVisualEffectGraphs":true,"m_FxEnabled":true},"in2DMode":false,"pivot":{"x":-0.015651702880859376,"y":0.9549502730369568,"z":160.99000549316407},"rotation":{"x":-0.08217480778694153,"y":0.34196755290031435,"z":-0.030029956251382829,"w":-0.9356350898742676},"size":1.8500527143478394,"orthographic":false}